"INDICATOR_CODE","INDICATOR_NAME","SOURCE_NOTE","SOURCE_ORGANIZATION",
"SH.CON.1524.FE.ZS","Utilisation du préservatif, population de 15 à 24 ans, femmes (% des femmes de 15 à 24 ans)","L'utilisation d'un préservatif correspond au pourcentage de la population de 15 à 24 ans qui a utilisé un préservatif lors de ses derniers rapports au cours des 12 derniers mois.","Enquêtes démographiques et de santé par Macro International.",
"SH.CON.1524.MA.ZS","Utilisation du préservatif, population de 15 à 24 ans, hommes (% des hommes de 15 à 24 ans)","L'utilisation d'un préservatif correspond au pourcentage de la population de 15 à 24 ans qui a utilisé un préservatif lors de ses derniers rapports au cours des 12 derniers mois.","Enquêtes démographiques et de santé par Macro International.",
"SH.DTH.IMRT","Nombre de décès d’enfants de moins de 1 an","Nombre de décès entre la naissance et l’âge de 1 an","Level & Trends in Child Mortality. Report 2011. Estimations établies par le Groupe inter-agence pour l’estimation de la mortalité infantile de l’Organisation des Nations Unies (UNICEF, OMS, Banque mondiale, DAES de l’ONU, PNUD).",
"SH.DTH.MORT","Nombre de décès d’enfants de moins de 5 ans","Nombre de décès entre la naissance et l’âge de 5 ans","Level & Trends in Child Mortality. Report 2011. Estimations établies par le Groupe inter-agence pour l’estimation de la mortalité infantile de l’Organisation des Nations Unies (UNICEF, OMS, Banque mondiale, DAES de l’ONU, PNUD).",
"SH.DTH.NMRT","Nombre de décès néonataux","Nombre de décès pendant le premier mois de la vie","Level & Trends in Child Mortality. Report 2011. Estimations établies par le Groupe inter-agence pour l’estimation de la mortalité infantile de l’Organisation des Nations Unies (UNICEF, OMS, Banque mondiale, DAES de l’ONU, PNUD).",
"SH.DYN.AIDS.FE.ZS","Femmes adultes ayant le VIH (% de la population âgée de plus de 15 ans ayant le VIH)","La prévalence du VIH est le pourcentage des personnes infectées par le VIH. Le taux d'infection des femmes est un pourcentage de la population totale infectée par le VIH.","Source : ONUSIDA et OMS, Rapport sur l'épidémie mondiale de SIDA.",
"SH.DYN.AIDS.ZS","Prévalence du VIH, total (% de la population âgée de 15 à 49 ans)","La prévalence du VIH est le pourcentage des personnes de 15 à 49 ans qui sont infectées par le VIH.","ONUSIDA et le rapport de l'OMS sur l'épidémie mondiale de SIDA.",
"SH.DYN.MORT","Taux de mortalité infantile, moins de 5 ans (pour 1 000)","Le taux de mortalité des enfants de moins de cinq ans est la probabilité qu'un nouveau-né sur 1 000 meure avant d'atteindre l'âge de cinq ans s'il est assujetti aux taux de mortalité par âge actuels.","Source : Niveaux et tendances en matière de mortalité maternelle et infantile. Rapport de 2011. Estimations élaborées par le Groupe inter-agences de l'ONU sur la mortalité infantile (UNICEF, OMS, Banque mondiale, Département des affaires économiques et sociales de l'ONU, PNUD).",
"SH.DYN.MORT.FE","Taux de mortalité infantile, moins de 5 ans, filles (pour 1 000)","Taux de mortalité infantile, moins de 5 ans, filles (pour 1 000)","Level & Trends in Child Mortality. Report 2011. Estimates Developed by the UN Inter-agency Group for Child Mortality Estimation (UNICEF, WHO, World Bank, UN DESA, UNPD).",
"SH.DYN.MORT.MA","Taux de mortalité infantile, moins de 5 ans, garçons (pour 1 000)","Taux de mortalité infantile, moins de 5 ans, garçons (pour 1 000)","Level & Trends in Child Mortality. Report 2011. Estimates Developed by the UN Inter-agency Group for Child Mortality Estimation (UNICEF, WHO, World Bank, UN DESA, UNPD).",
"SH.DYN.NMRT","Taux de mortalité néonatale (pour 1 000 naissances vivantes)","Le taux de mortalité néonatale est le nombre d'enfants qui décèdent avant d'atteindre l'âge de 28 jours pour 1 000 naissances vivantes au cours d'une année donnée.","Source : Niveaux et tendances en matière de mortalité maternelle et infantile. Rapport de 2011. Estimations élaborées par le Groupe inter-agences de l'ONU sur la mortalité infantile (UNICEF, OMS, Banque mondiale, Département des affaires économiques et sociales de l'ONU, PNUD).",
"SH.HIV.0014","Enfants (0-14) vivant avec le VIH","Les enfants vivants avec le VIH correspondent au nombre d'enfants âgés de 0 à 14 ans infectés par le VIH.","ONUSIDA et le rapport de l'OMS sur l'épidémie mondiale de SIDA.",
"SH.HIV.1524.FE.ZS","Prévalence du VIH, femmes (% des femmes âgées de 15 à 24 ans)","La prévalence du VIH est le pourcentage des personnes infectées par le VIH. Les taux applicables aux jeunes sont des pourcentages du groupe d'âge approprié.","Source : ONUSIDA et OMS, Rapport sur l'épidémie mondiale de SIDA.",
"SH.HIV.1524.MA.ZS","Prévalence du VIH, hommes (% des hommes âgés de 15 à 24 ans)","La prévalence du VIH est le pourcentage des personnes infectées par le VIH. Les taux applicables aux jeunes sont des pourcentages du groupe d'âge approprié.","Source : ONUSIDA et OMS, Rapport sur l'épidémie mondiale de SIDA.",
"SH.HIV.ARTC.ZS","Couverture de la thérapie antirétrovirale (% de personnes atteintes d’une infection avancée par le VIH)","La couverture de la thérapie antirétrovirale indique le pourcentage d’adultes et d’enfants atteints d’une infection avancée par le VIH qui reçoivent une thérapie antirétrovirale conformément aux protocoles de traitement approuvés à l’échelle nationale (ou selon les normes du programme conjoint avec les Nations Unies/OMS sur le VIH et le SIDA) parmi le nombre estimé de personnes atteintes d’une infection avancée par le VIH.","ONUSIDA et le rapport de l'OMS sur l'épidémie mondiale de SIDA.",
"SH.IMM.IDPT","Immunisation, DTP, (% d’enfants âgés de 12 à 23 mois)","L'immunisation des enfants est le pourcentage des enfants de 12 à 23 mois qui ont reçu des vaccins avant l'âge de 12 mois ou avant le début de l'enquête. Un enfant est jugé suffisamment immunisé contre la diphtérie, la coqueluche et le tétanos (vaccin DCT) après avoir reçu trois doses de vaccin.","Source : OMS et UNICEF (http://www.who.int/immunization_monitoring/routine/en/).",
"SH.IMM.MEAS","Immunisation, rougeole (% d’enfants âgés de 12 à 23 mois)","L'immunisation des enfants est le pourcentage des enfants de 12 à 23 mois qui ont reçu des vaccins avant l'âge de 12 mois ou avant le début de l'enquête. Un enfant est jugé suffisamment immunisé contre la rougeole après avoir reçu une dose de vaccin.","Source : OMS et UNICEF (http://www.who.int/immunization_monitoring/routine/en/).",
"SH.MED.BEDS.ZS","Lits d’hôpital (pour 1 000 personnes)","Les lits d'hôpital comprennent les lits de malades hospitalisés dans les hôpitaux et les centres de réadaptation publics, privés, généraux et spécialisés. Dans la plupart des cas, les lits de soins de courte durée et pour malades chroniques sont inclus.","Les données d'après 2005 sont extraites des Statistiques mondiales de la santé, Tableau 6, publiées par l'OMS. Les données de santé et sécurité du travail sont basées sur les indicateurs de base PAHO de 2011. Washington, DC, Organisation panaméricaine de la Santé, 2011 (www.paho.org/English/SHA/coredata/tabulator/newTabulator.htm) ; base de données européenne de la Santé pour tous (HFA-DB). Copenhague, Bureau régional de l'OMS pour l'Europe, 2011 (http://data.euro.who.int/hfadb) ; Western Pacific Country Health Information Profiles, révision de 2011.  Manille, Bureau régional de l'OMS pour la région Pacifique ouest, 2010 (www.wpro.who.int/countries/countries.htm) ; Demographic, social and health indicators for countries of the Eastern Mediterranean. Le Caire, Bureau régional de l'OMS pour l'Est de la Méditerranée, 2011 ; données supplémentaires compilées en janvier 2011 par le Bureau régional de l'OMS pour l'Afrique et par le Bureau régional de l'OMS pour l'Asie du Sud-Est. Certaines données sont complétées par des données nationales.",
"SH.MED.CMHW.P3","Travailleurs de la santé communautaire (pour 1 000 personnes)","Les travailleurs communautaires de la santé comprennent différents types d'auxiliaires en santé communautaire, bon nombre d'entre eux portant des titres professionnels propres à leur pays tels que ceux d'agent de santé communautaire, de travailleur communautaire de la santé et de l'éducation, de travailleur de la santé familiale, de visiteuse sanitaire et de travailleur des services de santé complémentaires.","Organisation mondiale de la santé, OCDE, base de données en tant que complément, données par pays.",
"SH.MED.NUMW.P3","Infirmières et sages-femmes (pour 1 000 personnes)","Les infirmières et les sages-femmes comprennent les infirmières professionnelles, les sages-femmes professionnelles, les infirmières auxiliaires, les sages-femmes auxiliaires, les infirmières auxiliaires autorisées, les sages-femmes auxiliaires autorisées et d'autres travailleuses connexes telles que les infirmières dentaires et les infirmières des soins primaires.","Organisation mondiale de la santé, Atlas mondial de la santé au travail. Pour les plus récentes mises à jour et les métadonnées, voir http://apps.who.int/globalatlas/.",
"SH.MED.PHYS.ZS","Médecins (pour 1000 personnes)","Les médecins comprennent les généralistes et les spécialistes de la médecine.","Organisation mondiale de la santé, Atlas mondial de la santé au travail. Pour les plus récentes mises à jour et les métadonnées, voir http://apps.who.int/globalatlas/.",
"SH.MLR.NETS.ZS","Utilisation de moustiquaires de lits avec insecticide (% de la population de moins de 5 ans)","L'utilisation de moustiquaires traitées à l'insecticide correspond au pourcentage des enfants de moins de cinq ans qui ont dormi sous des moustiquaires traitées à l'insecticide afin de prévenir le paludisme.","UNICEF, la situation des enfants dans le monde, Childinfo, et enquêtes démographiques et de santé par Macro International.",
"SH.MLR.TRET.ZS","Enfants fiévreux recevant des médicaments contre le paludisme (% d’enfants fiévreux de moins de 5 ans)","Le traitement du paludisme correspond au pourcentage des enfants de moins de cinq ans qui ont fait de la fièvre depuis deux semaines et qui ont reçu tout médicament antipaludique approprié (défini localement).","UNICEF, la situation des enfants dans le monde, Childinfo, et enquêtes démographiques et de santé par Macro International.",
"SH.MMR.DTHS","Nombre de décès maternels","Décès de mortalité maternelle est le nombre de femmes qui meurent pendant la grossesse et l'accouchement.","Tendances dans la mortalité maternelle : 1990-2010. Les évaluations se sont développées par l'OMS, l'UNICEF, l'UNFPA et la banque mondiale.",
"SH.MMR.RISK","Risque de décès maternel au cours d’une vie (1 par : le taux varie selon les pays)","Le risque à vie de décès maternel est la probabilité qu'une femme de 15 ans meure par suite d'un accouchement si les taux de fécondité et de mortalité (y compris la mortalité puerpérale) ne changent pas, compte tenu des différentes causes de décès possibles.   ","Trends in Maternal Mortality: 1990-2010. Estimates Developed by WHO, UNICEF, UNFPA and the World Bank (Mortalité maternelle de 1990 à 2008 : estimations développées par l'OMS, l'UNICEF, le FNUAP et la Banque mondiale).",
"SH.MMR.RISK.ZS","Risque de décès maternel au cours d’une vie (%)","Le risque à vie de décès maternel est la probabilité qu'une femme de 15 ans meure par suite d'un accouchement si les taux de fécondité et de mortalité (y compris la mortalité puerpérale) ne changent pas, compte tenu des différentes causes de décès possibles.   ","Trends in Maternal Mortality: 1990-2010. Estimates Developed by WHO, UNICEF, UNFPA and the World Bank (Mortalité maternelle de 1990 à 2008 : estimations développées par l'OMS, l'UNICEF, le FNUAP et la Banque mondiale).",
"SH.PRG.ANEM","Prévalence de l’anémie chez les femmes enceintes (%)","La prévalence de l'anémie, chez les femmes enceintes, représente le pourcentage de femmes enceintes chez qui le niveau d'hémoglobine est inférieur à 110 grammes par litre au niveau de la mer.","Organisation mondiale de la santé, Prévalence de l'anémie dans le monde.",
"SH.PRV.SMOK.FE","Prévalence des fumeurs, femmes (% des adultes)","La prévalence de fumeurs chez les femmes est le pourcentage de femmes de 15 ans et plus qui fument toute forme de tabac, notamment la cigarette, le cigare et la pipe, en excluant le tabac sans fumée. Les données comprennent les fumeurs quotidiens et non quotidiens.","Source : Rapport de l'OMS sur l'épidémie mondiale de tabagisme.",
"SH.PRV.SMOK.MA","Prévalence des fumeurs, hommes (% des adultes)","La prévalence de fumeurs chez les hommes est le pourcentage d’hommes de 15 ans et plus qui fument toute forme de tabac, notamment la cigarette, le cigare et la pipe, en excluant le tabac sans fumée. Les données comprennent les fumeurs quotidiens et non quotidiens.","Source : Rapport de l'OMS sur l'épidémie mondiale de tabagisme.",
"SH.STA.ACSN","Installations d’assainissement améliorées (% de la population y ayant accès)","L'accès aux installations sanitaires améliorées est le pourcentage de la population ayant au moins un accès suffisant à des installations d'élimination des excréments pouvant prévenir efficacement le contact des humains, des animaux et des insectes avec les excréments. Les installations améliorées varient des fosses simples mais protégées aux toilettes à chasse d'eau raccordées à un égout. Pour être efficaces, les installations doivent être bien construites et dûment entretenues.","Source : Programme conjoint de mesure (JMP) de l'Organisation mondiale de la santé et du Fonds des Nations de l'ONU pour l'enfance (http://www.wssinfo.org/).",
"SH.STA.ACSN.RU","Installations d’assainissement améliorées, en milieu rural (% de la population rurale y ayant accès)","L'accès aux installations sanitaires améliorées est le pourcentage de la population ayant au moins un accès suffisant à des installations d'élimination des excréments pouvant prévenir efficacement le contact des humains, des animaux et des insectes avec les excréments. Les installations améliorées varient des fosses simples mais protégées aux toilettes à chasse d'eau raccordées à un égout. Pour être efficaces, les installations doivent être bien construites et dûment entretenues.","Organisation mondiale de la santé et Fonds des Nations Unies pour l’enfance, Programme de mesure commune (JMP) (http://www.wssinfo.org/).",
"SH.STA.ACSN.UR","Installations d’assainissement améliorées, en milieu urbain (% de la population urbaine y ayant accès)","L'accès aux installations sanitaires améliorées est le pourcentage de la population ayant au moins un accès suffisant à des installations d'élimination des excréments pouvant prévenir efficacement le contact des humains, des animaux et des insectes avec les excréments. Les installations améliorées varient des fosses simples mais protégées aux toilettes à chasse d'eau raccordées à un égout. Pour être efficaces, les installations doivent être bien construites et dûment entretenues.","Organisation mondiale de la santé et Fonds des Nations Unies pour l’enfance, Programme de mesure commune (JMP) (http://www.wssinfo.org/).",
"SH.STA.ANVC.ZS","Femmes enceintes recevant des soins prénataux (%)","Les femmes enceintes recevant des soins prénatals sont le pourcentage des femmes ayant reçu au moins une fois pendant leur grossesse des soins fournis par des membres compétents du personnel de la santé pour des raisons ayant trait à leur grossesse.","Source : UNICEF, la situation des enfants dans le monde, Childinfo, et Enquêtes démographiques et sur la santé de Macro International.",
"SH.STA.ARIC.ZS","Traitement des infections respiratoires aiguës (% d’enfants de moins de 5 ans ayant consulté un fournisseur de soins de santé)","Les enfants atteints d'infections respiratoires aiguës (IRA) qui sont amenés chez un fournisseur de soins de santé sont le pourcentage des enfants de moins de cinq ans qui ont été atteints d'une IRA depuis deux semaines et qui ont été amenés chez un fournisseur de soins de santé, y compris un hôpital, un centre de santé, un dispensaire, un travailleur de la santé de village, une clinique ou un médecin privé.","UNICEF, la situation des enfants dans le monde, Childinfo, et enquêtes démographiques et de santé par Macro International.",
"SH.STA.BFED.ZS","Allaitement exclusif (% d’enfants de mois de 6 mois)","L'allaitement maternel exclusif est le pourcentage des enfants de moins de six mois qui n'ont bu que du lait maternel (sans autre liquide) depuis 24 heures.","UNICEF, la situation des enfants dans le monde, Childinfo, et enquêtes démographiques et de santé par Macro International.",
"SH.STA.BRTC.ZS","Naissances assistées par du personnel de santé qualifié (% du total)","Les naissances assistées par des membres compétents du personnel de la santé sont le pourcentage des naissances assistées par des personnes ayant reçu une formation appropriée pour assurer la surveillance, les soins et les conseils nécessaires aux femmes pendant la grossesse, le travail et la période postnatale, pour présider à des accouchements seules et pour fournir des soins aux nouveau-nés.","Source : UNICEF, la situation des enfants dans le monde, Childinfo, et Enquêtes démographiques et sur la santé de Macro International.",
"SH.STA.BRTW.ZS","Nouveau-nés présentant une insuffisance pondérale (% de naissances)","Les bébés ayant un poids faible à la naissance sont les nouveau-nés pesant moins de 2 500 grammes, le poids étant mesuré pendant les quelques premières heures après la naissance, avant que la perte de poids postnatale ne se produise.","UNICEF, la situation des enfants dans le monde, Childinfo, et enquêtes démographiques et de santé par Macro International.",
"SH.STA.MALN.FE.ZS","Prévalence de la malnutrition, poids selon l’âge, filles (% des enfants de mois de 5 ans)","Prévalence de la malnutrition, poids selon l’âge, filles (% des enfants de mois de 5 ans)","Organisation mondiale de la Santé. Global Database on Child Growth and Malnutrition. Aggregation is based on UNICEF/WHO Joint Global Malnutrition Analysis Date Set 2011, and additional analysis by UNICEF.",
"SH.STA.MALN.MA.ZS","Prévalence de la malnutrition, poids selon l’âge, garçons (% des enfants de mois de 5 ans)","Prévalence de la malnutrition, poids selon l’âge, garçons (% des enfants de mois de 5 ans)","Organisation mondiale de la Santé. Global Database on Child Growth and Malnutrition. Aggregation is based on UNICEF/WHO Joint Global Malnutrition Analysis Date Set 2011, and additional analysis by UNICEF.",
"SH.STA.MALN.ZS","Prévalence de la malnutrition, poids selon l’âge (% des enfants de mois de 5 ans)","La prévalence de la malnutrition des enfants est le pourcentage des enfants de moins de cinq ans dont le poids pour leur âge est inférieur de plus de deux fois l'écart-type à la médiane pour la population internationale de référence de 0 à 59 mois. Les données sont fondées sur les normes de croissance des enfants publiées par l'OMS en 2006.","Organisation mondiale de la santé, Base de données mondiale sur la croissance et la malnutrition des enfants.",
"SH.STA.MMRT","Ratio de décès maternel (estimation par modèle, pour 100 000 naissances vivantes)","Le ratio de mortalité liée à la maternité est le nombre des femmes qui meurent pendant la grossesse et l'accouchement par 100 000 naissances en vie. Les données sont établies selon un modèle de régression à partir de l'information sur la fécondité, les sages-femmes et la prévalence du VIH.","Tendances dans la mortalité maternelle : 1990-2010. Les évaluations se sont développées par l'OMS, l'UNICEF, l'UNFPA et la banque mondiale.",
"SH.STA.MMRT.NE","Ratio de décès maternel (estimation nationale, pour 100 000 naissances vivantes)","Le ratio de mortalité liée à la maternité est le nombre des femmes qui meurent pendant la grossesse et l'accouchement par 100 000 naissances en vie.","UNICEF, la situation des enfants dans le monde, Childinfo, et enquêtes démographiques et de santé par Macro International.",
"SH.STA.ORCF.ZS","Traitement de la diarrhée (% d’enfants de moins de 5 ans recevant une réhydratation orale et une alimentation continue)","Les enfants ayant la diarrhée qui ont fait l'objet d'une réhydratation orale et ont continué de se nourrir sont le pourcentage des enfants de moins de cinq ans ayant eu la diarrhée pendant les deux semaines précédant l'enquête qui ont fait l'objet d'une thérapie de réhydratation orale ou dont la consommation de liquides a augmenté sans qu'ils ne cessent de se nourrir.","UNICEF, la situation des enfants dans le monde, Childinfo, et enquêtes démographiques et de santé par Macro International.",
"SH.STA.ORTH","","","",
"SH.STA.OWGH.FE.ZS","Prévalence de l’obésité, filles (% d’enfants de moins de 5 ans)","Prévalence de l’obésité, filles (% d’enfants de moins de 5 ans)","Organisation mondiale de la Santé. Global Database on Child Growth and Malnutrition. Aggregation is based on UNICEF/WHO Joint Global Malnutrition Analysis Date Set 2011, and additional analysis by UNICEF.",
"SH.STA.OWGH.MA.ZS","Prévalence de l’obésité, garçons (% d’enfants de moins de 5 ans)","Prévalence de l’obésité, garçons (% d’enfants de moins de 5 ans)","Organisation mondiale de la Santé. Global Database on Child Growth and Malnutrition. Aggregation is based on UNICEF/WHO Joint Global Malnutrition Analysis Date Set 2011, and additional analysis by UNICEF.",
"SH.STA.OWGH.ZS","Prévalence de l’obésité (% d’enfants de moins de 5 ans)","La prévalence des enfants obèses est le pourcentage des enfants de moins de cinq ans dont le poids, en fonction de leur taille, est inférieur de plus de deux fois l'écart-type à la médiane pour la population internationale de référence d'âge correspondant établie par l'OMS selon les nouvelles normes de croissance des enfants publiées en 2006.","Source : Organisation mondiale de la santé, Base de données mondiale sur la croissance et la malnutrition des enfants.",
"SH.STA.STNT.FE.ZS","Prévalence de la malnutrition, taille selon l’âge, filles (% des enfants de mois de 5 ans)","Prévalence de la malnutrition, taille selon l’âge, filles (% des enfants de mois de 5 ans)","Organisation mondiale de la Santé. Global Database on Child Growth and Malnutrition. Aggregation is based on UNICEF/WHO Joint Global Malnutrition Analysis Date Set 2011, and additional analysis by UNICEF.",
"SH.STA.STNT.MA.ZS","Prévalence de la malnutrition, taille selon l’âge, garçons (% des enfants de mois de 5 ans)","Prévalence de la malnutrition, taille selon l’âge, garçons (% des enfants de mois de 5 ans)","Organisation mondiale de la Santé. Global Database on Child Growth and Malnutrition. Aggregation is based on UNICEF/WHO Joint Global Malnutrition Analysis Date Set 2011, and additional analysis by UNICEF.",
"SH.STA.STNT.ZS","Prévalence de la malnutrition, taille selon l’âge (% des enfants de mois de 5 ans)","La prévalence de la malnutrition des enfants est le pourcentage des enfants de moins de cinq ans dont la taille, en fonction de leur âge (arrêt de la croissance), est inférieur de plus de deux fois l'écart-type à la médiane pour la population internationale de référence d'âge correspondant. La taille des enfants de moins de deux ans est mesurée à la longueur en position allongée. La taille des enfants plus vieux est mesurée en position debout. Les données sont fondées sur les normes de croissance des enfants publiées par l'OMS en 2006.","Source : Organisation mondiale de la santé, Base de données mondiale sur la croissance et la malnutrition des enfants.",
"SH.STA.WAST.FE.ZS","Prévalence de la malnutrition, filles (% des enfants de moins de 5 ans)","Prévalence de la malnutrition, filles (% des enfants de moins de 5 ans)","Organisation mondiale de la Santé. Global Database on Child Growth and Malnutrition. Aggregation is based on UNICEF/WHO Joint Global Malnutrition Analysis Date Set 2011, and additional analysis by UNICEF.",
"SH.STA.WAST.MA.ZS","Prévalence de la malnutrition, garçons (% des enfants de moins de 5 ans)","Prévalence de la malnutrition, garçons (% des enfants de moins de 5 ans)","Organisation mondiale de la Santé. Global Database on Child Growth and Malnutrition. Aggregation is based on UNICEF/WHO Joint Global Malnutrition Analysis Date Set 2011, and additional analysis by UNICEF.",
"SH.STA.WAST.ZS","Prévalence de la malnutrition (% des enfants de moins de 5 ans)","La prévalence de la malnutrition chez les enfants est le pourcentage des enfants de moins de cinq ans dont le poids pour leur âge est inférieur de plus de deux fois à l’écart-type de la médiane pour la population internationale de référence de 0 à 59 mois.","Source : Organisation mondiale de la santé, Base de données mondiale sur la croissance et la malnutrition des enfants.",
"SH.TBS.CURE.ZS","Taux de succès du traitement de la tuberculose (% des cas enregistrés)","Le taux de succès du traitement de la tuberculose est le pourcentage de nouveaux cas inscrits d'infection (à frottis positif) où il y a eu guérison ou traitement complet.","Organisation mondiale de la santé, Rapport sur la lutte contre la tuberculose dans le monde.",
"SH.TBS.DTEC.ZS","Taux de détection des cas de tuberculose (%, toutes les formes)","Le taux de dépistage de la tuberculose (toutes formes confondues) est le pourcentage de nouveaux cas de tuberculose nouvellement signalés (incluant les rechutes) par rapport aux estimations de cas (dépistage des cas, toutes formes confondues) ","Source : Organisation mondiale de la santé, Rapport sur la lutte contre la tuberculose dans le monde.",
"SH.TBS.INCD","Incidence de la tuberculose (pour 100 000 personnes)","La fréquence de la tuberculose est le nombre estimatif des nouveaux cas de tuberculose pulmonaire ou extra-pulmonaire à frottis positif.","Organisation mondiale de la santé, Rapport sur la lutte contre la tuberculose dans le monde.",
"SH.VAC.TTNS.ZS","Nouveaux-nés protégés contre le tétanos (%)","Les nouveau-nés protégés contre le tétanos correspondent au pourcentage d'enfants mis au monde par des femmes en âge d'enfanter immunisés contre le tétanos.","UNICEF, la situation des enfants dans le monde, Childinfo.",
"SH.XPD.EXTR.ZS","Ressources extérieures pour la santé (% des dépenses totales en santé)","Les sources externes de soins de santé sont les fonds ou les services en nature fournis par des entités ne faisant pas partie du pays en question. Les ressources peuvent venir d'organisations internationales, d'autres pays dans le cadre d'accords bilatéraux ou d'organisations non gouvernementales étrangères. Ces ressources font partie du total des dépenses de santé.","Base de données sur le Comptes nationaux de la santé de l’Organisation mondiale de la santé (voir http://apps.who.int/nha/database pour les mises à jour les plus récentes).",
"SH.XPD.OOPC.TO.ZS","Dépenses de santé non remboursées (% des dépenses de santé totales)","Les dépenses directes comprennent les dépenses engagées directement par les ménages, y compris les suppléments et les paiements en nature, auprès de professionnels de la santé et de fournisseurs de produits pharmaceutiques, d'appareils thérapeutiques et d'autres biens et services dans le but principal est de contribuer au rétablissement ou à l'amélioration de la santé de personnes ou de groupes de personnes. Elles font partie des dépenses de santé privées.","Base de données sur le Comptes nationaux de la santé de l’Organisation mondiale de la santé (voir http://apps.who.int/nha/database pour les mises à jour les plus récentes).",
"SH.XPD.OOPC.ZS","Dépenses en santé remboursables (% des dépenses privées en santé)","Les dépenses directes comprennent les dépenses engagées directement par les ménages, y compris les suppléments et les paiements en nature, auprès de professionnels de la santé et de fournisseurs de produits pharmaceutiques, d'appareils thérapeutiques et d'autres biens et services dans le but principal est de contribuer au rétablissement ou à l'amélioration de la santé de personnes ou de groupes de personnes. Elles font partie des dépenses de santé privées.","Base de données sur le Comptes nationaux de la santé de l’Organisation mondiale de la santé (voir http://apps.who.int/nha/database pour les mises à jour les plus récentes).",
"SH.XPD.PCAP","Dépenses en santé par habitant ($ US courants)","Le total des dépenses de santé est la somme des dépenses de santé publiques et privées en tant que ratio de l'ensemble de la population. Il englobe la prestation de services de santé (préventifs et curatifs), les activités de planification familiale, les activités ayant trait à la nutrition et l'aide d'urgence réservée à la santé mais il exclut la prestation d'eau et de services d'hygiène. Les données sont en dollars américains courants.","Base de données sur le Comptes nationaux de la santé de l’Organisation mondiale de la santé (voir http://apps.who.int/nha/database pour les mises à jour les plus récentes).",
"SH.XPD.PCAP.PP.KD","Dépenses de santé par habitant, PPA ($ internationaux constants de 2005)","Le total des dépenses de santé est la somme des dépenses de santé publiques et privées en tant que ratio de l'ensemble de la population. Il englobe la prestation de services de santé (préventifs et curatifs), les activités de planification familiale, les activités ayant trait à la nutrition et l'aide d'urgence réservée à la santé mais il exclut la prestation d'eau et de services d'hygiène. Les données sont converties en dollars internationaux constants de 2005 au moyen des taux de parité des pouvoirs d'achat (PPA).","Source : base de données sur le Comptes nationaux de la santé de l'Organisation mondiale de la santé (www.who.int/nha/en) et, en tant que complément, données par pays.",
"SH.XPD.PRIV.ZS","Dépenses en santé, privées (% du PIB)","Les dépenses de santé privées comprennent les dépenses directes des ménages, l'assurance privée, les dons de charité et les paiements directs de services par des entreprises privées.","Base de données sur le Comptes nationaux de la santé de l’Organisation mondiale de la santé (voir http://apps.who.int/nha/database pour les mises à jour les plus récentes).",
"SH.XPD.PUBL","Dépenses en santé, publiques (% du total des dépenses en santé)","Les dépenses de santé publiques comprennent les dépenses récurrentes et en immobilisations prévues par les budgets des gouvernements (central et locaux), les emprunts et les subventions extérieurs (y compris les dons d'organismes internationaux et d'organisations non gouvernementales) et les fonds sociaux (ou obligatoires) d'assurance sur la santé. Le total des dépenses de santé est la somme des dépenses de santé publiques et privées. Il englobe la prestation de services de santé (préventifs et curatifs), les activités de planification familiale, les activités ayant trait à la nutrition et l'aide d'urgence réservée à la santé mais il exclut la prestation d'eau et de services d'hygiène.","Base de données sur le Comptes nationaux de la santé de l’Organisation mondiale de la santé (voir http://apps.who.int/nha/database pour les mises à jour les plus récentes).",
"SH.XPD.PUBL.GX.ZS","Dépenses en santé, publiques (% des dépenses du gouvernement)","Les dépenses de santé publiques comprennent les dépenses récurrentes et en immobilisations prévues par les budgets des gouvernements (central et locaux), les emprunts et les subventions extérieurs (y compris les dons d'organismes internationaux et d'organisations non gouvernementales) et les fonds sociaux (ou obligatoires) d'assurance sur la santé.","Base de données sur le Comptes nationaux de la santé de l’Organisation mondiale de la santé (voir http://apps.who.int/nha/database pour les mises à jour les plus récentes).",
"SH.XPD.PUBL.ZS","Dépenses en santé, publiques (% du PIB)","Les dépenses de santé publiques comprennent les dépenses récurrentes et en immobilisations prévues par les budgets des gouvernements (central et locaux), les emprunts et les subventions extérieurs (y compris les dons d'organismes internationaux et d'organisations non gouvernementales) et les fonds sociaux (ou obligatoires) d'assurance sur la santé.","Source : base de données sur le Comptes nationaux de la santé de l'Organisation mondiale de la santé (www.who.int/nha/en) et, en tant que complément, données par pays.",
"SH.XPD.TOTL.ZS","Dépenses en santé, total (% du PIB)","Le total des dépenses de santé est la somme des dépenses de santé publiques et privées. Il englobe la prestation de services de santé (préventifs et curatifs), les activités de planification familiale, les activités ayant trait à la nutrition et l'aide d'urgence réservée à la santé mais il exclut la prestation d'eau et de services d'hygiène.","Base de données sur le Comptes nationaux de la santé de l’Organisation mondiale de la santé (voir http://apps.who.int/nha/database pour les mises à jour les plus récentes).",
"SN.ITK.DEFC.ZS","Prévalence de la sous-alimentation (% de la population)","La population en-dessous du niveau minimum de consommation d'énergie alimentaire (faisait également référence à la prévalence de sous-alimentation) indique le pourcentage de la population dont l'apport alimentaire est insuffisant pour satisfaire les besoins en énergie alimentaire de façon continue. Le chiffre 2,5 signifie une prévalence de sous-alimentation en dessous de 2,5 %.","Organisation des Nations Unies pour l’Agriculture et l’Alimentation (http:// www.fao.org/faostat/foodsecurity/index_en.htm)",
"SN.ITK.DFCT","","","",
"SN.ITK.SALT.ZS","Consommation de sel iodé (% des ménages)","La consommation de sel iodé fait référence au pourcentage de ménages qui utilisent du sel comestible fortifié en iode.","UNICEF, la situation des enfants dans le monde.",
"SN.ITK.VITA.ZS","Taux de couverture de la supplémentation en vitamine A (% des enfants de 6 à 59 mois)","La supplémentation en vitamine A fait référence au pourcentage d'enfants âgés de 6 à 59 mois qui ont reçu au moins une dose élevée de vitamine A en capsule au cours des 6 mois précédents.","UNICEF, la situation des enfants dans le monde.",
"SP.ADO.TFRT","Taux de fertilité chez les adolescents (nombre de naissance par 1 000 femmes âgées de 15 à 19 ans)","Le taux de fertilité chez les adolescents est le nombre de naissances pour 1 000 femmes âgées de 15 à 19 ans.","Source : Division des Nations Unies pour la population, Perspectives pour la Population mondiale.",
"SP.DTH.INFR.ZS","Exhaustivité des données de mortalité infantile (% des décès infantiles rapportés par rapport aux décès infantiles estimés)","L’exhaustivité des données de mortalité infantile désigne le nombre total de décès d’enfants indiqué par les autorités nationales de statistiques à l’Annuaire démographique de la Division des statistiques des Nations Unies, divisé par le nombre total de décès d’enfants estimé par la Division de la population des Nations Unies.","Le Rapport sur la population et les statistiques de l’état civil de la Division statistique des Nations Unies, les Perspectives pour la population mondiale.",
"SP.DTH.REPT.ZS","Exhaustivité des données de mortalité (% des décès totaux rapportés par rapport aux décès totaux estimés)","L’exhaustivité des données de mortalité désigne le nombre total de décès indiqué par les autorités nationales de statistiques à l’Annuaire démographique de la Division des statistiques des Nations Unies, divisé par le nombre total de décès estimé par la Division de la population des Nations Unies.","Le Rapport sur la population et les statistiques de l’état civil de la Division statistique des Nations Unies, les Perspectives pour la population mondiale.",
"SP.DYN.AMRT.FE","Taux de mortalité, adultes, femmes (pour 1 000 femmes adultes)","Le taux de mortalité chez les adultes est la probabilité de mortalité pour les personnes âgées entre 15 et 60 ans, c'est-à-dire, la probabilité de mortalité pour une personne âgée de 15 ans avant d'atteindre l'âge de 60, si elle est assujettie aux taux de mortalité par âge actuels au cours de cette période.","(1) Division des Nations Unies pour la population. Perspectives pour la population mondiale. New York, Nations Unies, Département des affaires sociales et économiques (tableaux Excel avancés). Disponible à l’adresse http://esa.un.org/wpp/unpp/panel_population.htm, (2) University of California, Berkeley et Max Planck Institute for Demographic Research. Base de données sur la mortalité humaine. [ www.mortality.org or www.humanmortality.de].",
"SP.DYN.AMRT.MA","Taux de mortalité, adultes, hommes (pour 1 000 hommes adultes)","Le taux de mortalité chez les adultes est la probabilité de mortalité pour les personnes âgées entre 15 et 60 ans, c'est-à-dire, la probabilité de mortalité pour une personne âgée de 15 ans avant d'atteindre l'âge de 60, si elle est assujettie aux taux de mortalité par âge actuels au cours de cette période.","(1) Division des Nations Unies pour la population. Perspectives pour la population mondiale. New York, Nations Unies, Département des affaires sociales et économiques (tableaux Excel avancés). Disponible à l’adresse http://esa.un.org/wpp/unpp/panel_population.htm, (2) University of California, Berkeley et Max Planck Institute for Demographic Research. Base de données sur la mortalité humaine. [ www.mortality.org or www.humanmortality.de].",
"SP.DYN.CBRT.IN","Taux de naissance, brut (pour 1 000 personnes)","Le taux brut de natalité indique le nombre de naissances vivantes qui ont eu lieu au cours de l'année pour 1 000 personnes et est estimé en milieu d'année. En soustrayant le taux brut de mortalité du taux brut de natalité, on obtient le taux d'augmentation naturelle, qui est égal à l'évolution de la population en l'absence de migration.","Source : (1) Division des Nations Unies pour la population. 2009. World Population Prospects: The 2008 Revision (Perspectives relatives à la population mondiale : révision de 2008). New York, Nations Unies, Département des affaires sociales et économiques (tableaux Excel avancés), (2) Division des statistiques des Nations Unies. Rapport sur la population et les statistiques de l'état civil (diverses années), (3) Rapports de recensement et autres publications statistiques des bureaux nationaux de statistiques, (4) Eurostat : statistiques démographiques, (5) Secrétariat de la Communauté du Pacifique : programme de statistiques et de démographie et (6) Bureau du recensement américain : base de données internationale.",
"SP.DYN.CDRT.IN","Taux de mortalité, brut (pour 1 000 personnes)","Le taux brut de mortalité indique le nombre de décès au cours de l'année pour 1 000 personnes et est estimé en milieu d'année.  En soustrayant le taux brut de mortalité du taux brut de natalité, on obtient le taux d'augmentation naturelle, qui est égal à l'évolution de la population en l'absence de migration.","Source : (1) Division des Nations Unies pour la population. 2009. World Population Prospects: The 2008 Revision (Perspectives relatives à la population mondiale : révision de 2008). New York, Nations Unies, Département des affaires sociales et économiques (tableaux Excel avancés), (2) Division des statistiques des Nations Unies. Rapport sur la population et les statistiques de l'état civil (diverses années), (3) Rapports de recensement et autres publications statistiques des bureaux nationaux de statistiques, (4) Eurostat : statistiques démographiques, (5) Secrétariat de la Communauté du Pacifique : programme de statistiques et de démographie et (6) Bureau du recensement américain : base de données internationale.",
"SP.DYN.CONU.ZS","Prévalence de la contraception (% des femmes âgées de 15 à 49 ans)","Le taux de prévalence de la contraception est le pourcentage de femmes qui utilisent ou dont les partenaires sexuels utilisent toute forme de contraception. Ce taux est généralement mesuré seulement chez les femmes mariées âgées de 15 à 49 ans.","Source : Des enquêtes des ménages, comprenant les enquêtes démographiques et de santé réalisées par Macro International et les enquêtes en grappe à indicateur multiple menées par l'UNICEF.",
"SP.DYN.IMRT.FE.IN","Taux de mortalité infantile, filles (pour 1 000 naissances vivantes)","Taux de mortalité infantile, filles (pour 1 000 naissances vivantes)","Level & Trends in Child Mortality. Report 2011. Estimates Developed by the UN Inter-agency Group for Child Mortality Estimation (UNICEF, WHO, World Bank, UN DESA, UNPD).",
"SP.DYN.IMRT.FE.IN","Taux de mortalité infantile, filles (pour 1 000 naissances vivantes)","Taux de mortalité infantile, filles (pour 1 000 naissances vivantes)","Level & Trends in Child Mortality. Report 2011. Estimates Developed by the UN Inter-agency Group for Child Mortality Estimation (UNICEF, WHO, World Bank, UN DESA, UNPD).",
"SP.DYN.IMRT.IN","Taux de mortalité infantile (pour 1 000 naissances vivantes)","Le taux de mortalité infantile est le nombre d'enfants qui décèdent avant d'atteindre l'âge de un an pour 1 000 naissances vivantes au cours d'une année donnée.","Source : Niveaux et tendances en matière de mortalité maternelle et infantile. Rapport de 2011. Estimations élaborées par le Groupe inter-agences de l'ONU sur la mortalité infantile (UNICEF, OMS, Banque mondiale, Département des affaires économiques et sociales de l'ONU, PNUD).",
"SP.DYN.IMRT.MA.IN","Taux de mortalité infantile, garçons (pour 1 000 naissances vivantes)","Taux de mortalité infantile, garçons (pour 1 000 naissances vivantes)","Level & Trends in Child Mortality. Report 2011. Estimates Developed by the UN Inter-agency Group for Child Mortality Estimation (UNICEF, WHO, World Bank, UN DESA, UNPD).",
"SP.DYN.IMRT.MA.IN","Taux de mortalité infantile, garçons (pour 1 000 naissances vivantes)","Taux de mortalité infantile, garçons (pour 1 000 naissances vivantes)","Level & Trends in Child Mortality. Report 2011. Estimates Developed by the UN Inter-agency Group for Child Mortality Estimation (UNICEF, WHO, World Bank, UN DESA, UNPD).",
"SP.DYN.LE00.FE.IN","Espérance de vie à la naissance, femmes (années)","L'espérance de vie à la naissance indique le nombre d'années qu'un nouveau-né devrait vivre si les règles générales de mortalité au moment de sa naissance devaient rester les mêmes tout au long de sa vie.","Source : (1) Division des Nations Unies pour la population. 2009. World Population Prospects: The 2008 Revision (Perspectives relatives à la population mondiale : révision de 2008). New York, Nations Unies, Département des affaires sociales et économiques (tableaux Excel avancés), (2) Rapports de recensement et autres publications statistiques des bureaux nationaux de statistiques, (3) Eurostat : statistiques démographiques, (4) Secrétariat de la Communauté du Pacifique : programme de statistiques et de démographie et (5) Bureau du recensement américain : base de données internationale.",
"SP.DYN.LE00.IN","Espérance de vie à la naissance, total (années)","L'espérance de vie à la naissance indique le nombre d'années qu'un nouveau-né devrait vivre si les règles générales de mortalité au moment de sa naissance devaient rester les mêmes tout au long de sa vie.","Source : tiré de l'espérance de vie des hommes et des femmes à la naissance. Espérance de vie des hommes et des femmes. Source : (1) Division des Nations Unies pour la population. 2009. World Population Prospects: The 2008 Revision (Perspectives relatives à la population mondiale : révision de 2008). New York, Nations Unies, Département des affaires sociales et économiques (tableaux Excel avancés), (2) Rapports de recensement et autres publications statistiques des bureaux nationaux de statistiques, (3) Eurostat : statistiques démographiques, (4) Secrétariat de la Communauté du Pacifique : programme de statistiques et de démographie et (5) Bureau du recensement américain : base de données internationale.",
"SP.DYN.LE00.MA.IN","Espérance de vie à la naissance, hommes (années)","L'espérance de vie à la naissance indique le nombre d'années qu'un nouveau-né devrait vivre si les règles générales de mortalité au moment de sa naissance devaient rester les mêmes tout au long de sa vie.","Source : (1) Division des Nations Unies pour la population. 2009. World Population Prospects: The 2008 Revision (Perspectives relatives à la population mondiale : révision de 2008). New York, Nations Unies, Département des affaires sociales et économiques (tableaux Excel avancés), (2) Rapports de recensement et autres publications statistiques des bureaux nationaux de statistiques, (3) Eurostat : statistiques démographiques, (4) Secrétariat de la Communauté du Pacifique : programme de statistiques et de démographie et (5) Bureau du recensement américain : base de données internationale.",
"SP.DYN.TFRT.IN","Taux de fertilité, total (naissances par femme)","Le taux de fertilité total représente le nombre d'enfants nés d'une femme si elle vivait jusqu'à la fin de sa période de fécondité et donnait naissance à des enfants conformément aux taux de fertilité actuels propres à chaque tranche d'âge.","Source : (1) Division des Nations Unies pour la population. 2009. World Population Prospects: The 2008 Revision (Perspectives relatives à la population mondiale : révision de 2008). New York, Nations Unies, Département des affaires économiques et sociales (tableurs Excel avancés). Disponible à l'adresse : http://esa.un.org/unpd/wpp2008/index.htm. (2) Rapports de recensement et autres publications statistiques des bureaux nationaux de statistiques, (3) Eurostat : statistiques démographiques, (4) Secrétariat de la Communauté du Pacifique : programme de statistiques et de démographie et (5) Bureau du recensement américain : base de données internationale et (6) Enquêtes sur les ménages menées par les agences nationales, Macro International et les Centers for Disease Control and Prevention américains.",
"SP.DYN.TO65.FE.ZS","Survie jusqu’à 65 ans, femmes (% de cohorte)","La survie jusqu'à 65 ans fait référence au pourcentage d'enfants nouveaux nés de cohorte qui survivraient jusqu'à 65 ans s'ils sont assujettis aux taux de mortalité par âge actuels.","Division des Nations Unies pour la population. Perspectives pour la population mondiale. New York, Nations Unies, Département des affaires sociales et économiques (tableaux Excel avancés). Disponible à l’adresse http://esa.un.org/wpp/unpp/panel_population.htm.",
"SP.DYN.TO65.MA.ZS","Survie jusqu’à 65 ans, hommes (% de cohorte)","La survie jusqu'à 65 ans fait référence au pourcentage d'enfants nouveaux nés de cohorte qui survivraient jusqu'à 65 ans s'ils sont assujettis aux taux de mortalité par âge actuels.","Division des Nations Unies pour la population. Perspectives pour la population mondiale. New York, Nations Unies, Département des affaires sociales et économiques (tableaux Excel avancés). Disponible à l’adresse http://esa.un.org/wpp/unpp/panel_population.htm.",
"SP.DYN.WFRT","Taux de fécondation désirée (naissances par femme)","Le taux de fécondation voulue est une estimation de ce que serait le taux de fertilité total si toutes les naissances non voulues étaient évitées.","Source : Enquêtes démographiques et sur la santé de Macro International.",
"SP.HOU.FEMA.ZS","Ménages régis par des femmes (% des ménages avec une femme comme chef de famille)","Les ménages entretenus par les femmes indiquent le pourcentage de ménages dont le chef est une femme.","Source : Enquêtes démographiques et sur la santé de Macro International.",
"SP.MTR.1519.ZS","Mères adolescentes (% de femmes âgées de 15 à 19 ans qui ont des enfants ou qui sont actuellement enceintes)","Les mères adolescentes désignent le pourcentage de femmes âgées de 15 à 19 ans qui ont des enfants ou qui sont actuellement enceintes.","Enquêtes démographiques et de santé par Macro International.",
"SP.POP.0014.TO.ZS","Population âgée de 0 à 14 ans (% du total)","La population âgée de 0 à 14 ans en pourcentage de la population totale. La population est basée sur la définition de facto de la population.","Source : Les estimations du personnel de la Banque mondiale provenant de différentes sources comprenant des rapports de recensement, les perspectives pour la population mondiale de la Division des Nations Unies sur la population, les bureaux des statistiques nationales, les enquêtes sur les ménages menées par les agences nationales et Macro International.",
"SP.POP.1564.TO.ZS","Population âgée de 15 à 64 ans (% du total)","La population âgée de 15 à 64 ans est le pourcentage de la population totale qui se situe dans le groupe d’âge des 15 à 64 ans. La population est basée sur la définition de facto de la population.","Source : Les estimations du personnel de la Banque mondiale provenant de différentes sources comprenant des rapports de recensement, les perspectives pour la population mondiale de la Division des Nations Unies sur la population, les bureaux des statistiques nationales, les enquêtes sur les ménages menées par les agences nationales et Macro International.",
"SP.POP.65UP.TO.ZS","Population âgée de 65 et plus (% du total)","La population âgée de 65 ans et plus en pourcentage de la population totale. La population est basée sur la définition de facto de la population.","Source : Les estimations du personnel de la Banque mondiale provenant de différentes sources comprenant des rapports de recensement, les perspectives pour la population mondiale de la Division des Nations Unies sur la population, les bureaux des statistiques nationales, les enquêtes sur les ménages menées par les agences nationales et Macro International.",
"SP.POP.DPND","Ratio de la population inactive à la population active (% de la population en âge de travailler)","Le ratio de dépendance démographique est le ratio des personnes inactives de moins de 15 ans et de plus de 64 ans par rapport à la population en âge de travailler, les personnes âgées de 15 à 64 ans. Les données sont montrées comme la proportion des personnes inactives par rapport à 100 personnes en âge de travailler.","Source : Les estimations du personnel de la Banque mondiale provenant de différentes sources comprenant des rapports de recensement, les perspectives pour la population mondiale de la Division des Nations Unies sur la population, les bureaux des statistiques nationales, les enquêtes sur les ménages menées par les agences nationales et Macro International.",
"SP.POP.DPND.OL","Ratio de la population inactive à la population active, personnes âgées (% de la population en âge de travailler)","Le ratio de la population inactive, âgée, est le ratio des personnes inactives âgées, les personnes âgées de moins de 64 ans par rapport à la population en âge de travailler, les personnes âgées de 15 à 64 ans. Les données sont montrées comme la proportion des personnes inactives par rapport à 100 personnes en âge de travailler.","Les estimations du personnel de la Banque mondiale provenant de différentes sources comprenant des rapports de recensement, les perspectives pour la population mondiale de la Division des Nations Unies sur la population, les bureaux des statistiques nationales, les enquêtes sur les ménages menées par les agences nationales et Macro International.",
"SP.POP.DPND.YG","Ratio de la population inactive à la population active, enfants (% de la population en âge de travailler)","Le ratio de la population inactive, jeune, est le ratio des personnes inactives plus jeunes, les personnes âgées de moins de 15 ans par rapport à la population en âge de travailler, les personnes âgées de 15 à 64 ans. Les données sont montrées comme la proportion des personnes inactives par rapport à 100 personnes en âge de travailler.","Les estimations du personnel de la Banque mondiale provenant de différentes sources comprenant des rapports de recensement, les perspectives pour la population mondiale de la Division des Nations Unies sur la population, les bureaux des statistiques nationales, les enquêtes sur les ménages menées par les agences nationales et Macro International.",
"SP.POP.GROW","Croissance de la population (% annuel)","La croissance de la population (% annuel) correspond au taux exponentiel de croissance de la population au milieu de l'année n-1 à n, exprimée en pourcentage.  ","Issues de la population totale. Source pour la population : (1) Division des Nations Unies pour la population. Perspectives pour la population mondiale, (2) Division des statistique des Nations unies Rapport sur la population et les statistiques de l’état civil (diverses années), (3) Rapports de recensement et autres publications statistiques des bureaux nationaux de statistiques, (4) Eurostat :  statistiques démographiques, (5) Secrétariat de la Communauté du Pacifique : Programme de statistiques et de démographie et (6) Bureau du recensement des États-Unis : base de données internationale.",
"SP.POP.TOTL","Population, total","La population totale est basée sur la définition de facto de la population, qui compte tous les résidants indépendamment du statut juridique ou de la citoyenneté, sauf pour les réfugiés qui ne sont pas installés de façon permanente dans le pays d’asile, et qui sont généralement considérés comme faisant partie de la population de leur pays d’origine.","Source : (1) Division des Nations Unies pour la population. 2009. World Population Prospects: The 2008 Revision (Perspectives relatives à la population mondiale : révision de 2008). New York, Nations Unies, Département des affaires économiques et sociales (tableurs Excel avancés). Ce rapport est disponible à l'adresse http://esa.un.org/unpd/wpp2008/index.htm ; 2) Rapports de recensements et autres publications statistiques des bureaux nationaux de statistiques ; 3) Statistiques démographiques d'Eurostat ; 4) Secrétariat général de la Communauté du Pacifique : Programme de statistiques et de démographie ; 5) Bureau américain du recensement : base de données internationale ; et 6) estimations de la Banque mondiale basées sur les données provenant des sources citées précédemment, d'enquêtes auprès des ménages réalisées par les agences nationales, Macro International, les Centers for Disease Control and Prevention des États-Unis, et les statistiques sur les réfugiés du Haut Commissariat des Nations Unies pour les réfugiés.",
"SP.POP.TOTL.FE.ZS","Population, femmes (% du total)","La population des femmes est le pourcentage de la population des femmes.","Source : Division des Nations Unies pour la population. 2009. World Population Prospects: The 2008 Revision (Perspectives relatives à la population mondiale : révision de 2008). New York, Nations Unies, Département des affaires économiques et sociales (tableurs Excel avancés). Disponible à l'adresse http://esa.un.org/unpd/wpp2008/index.htm.",
"SP.REG.BRTH.RU.ZS","Exhaustivité de l’enregistrement des naissances, zones rurales (%)","L'exhaustivité de l'enregistrement des naissances est le pourcentage d'enfants de moins de cinq ans dont la naissance a été enregistrée au moment de l'enquête.  Le numérateur de l'exhaustivité de l'enregistrement des naissances comprend les enfants dont les certificats de naissance ont été vus par l'enquêteur ou ceux dont la mère ou le tuteur affirme que la naissance a été enregistrée.","UNICEF, La situation des enfants dans le monde basé principalement sur les enquêtes-ménages et les données du ministère de la santé.",
"SP.REG.BRTH.UR.ZS","Exhaustivité de l’enregistrement des naissances, zones urbaines (%)","L'exhaustivité de l'enregistrement des naissances est le pourcentage d'enfants de moins de cinq ans dont la naissance a été enregistrée au moment de l'enquête.  Le numérateur de l'exhaustivité de l'enregistrement des naissances comprend les enfants dont les certificats de naissance ont été vus par l'enquêteur ou ceux dont la mère ou le tuteur affirme que la naissance a été enregistrée.","UNICEF, La situation des enfants dans le monde basé principalement sur les enquêtes-ménages et les données du ministère de la santé.",
"SP.REG.BRTH.ZS","Exhaustivité de l’enregistrement des naissances (%)","L'exhaustivité de l'enregistrement des naissances est le pourcentage d'enfants de moins de cinq ans dont la naissance a été enregistrée au moment de l'enquête.  Le numérateur de l'exhaustivité de l'enregistrement des naissances comprend les enfants dont les certificats de naissance ont été vus par l'enquêteur ou ceux dont la mère ou le tuteur affirme que la naissance a été enregistrée.","UNICEF, La situation des enfants dans le monde basé principalement sur les enquêtes-ménages et les données du ministère de la santé.",
"SP.UWT.TFRT","Besoins en contraception sans réponse (% de femmes mariées de 15 à 49 ans)"," Les besoins en contraception sans réponse sont le pourcentage de femmes fertiles, mariées en âge de procréer qui ne veulent pas tomber enceinte et n'utilisent pas de moyen de contraception.","Source : Des enquêtes des ménages, comprenant les enquêtes démographiques et de santé réalisées par Macro International et les enquêtes en grappe à indicateur multiple menées par l'UNICEF.",
